"Sr. No.","State","Hon'ble Members of Parliament","Elected/Nominated","Allocated AMOUNT ( ₹ )"
"1","Meghalaya","Smt. Wansuk Syiem (2014-20) (2014-2020)","Elected MP","300000"
"2","West Bengal","Dr. Abhishek Manu Singhvi (2018-24) (2018-2024)","Elected MP","142163957.11"
"3","Telangana","Dr. Abhishek Manu Singhvi (2024-26) (2024-2026)","Elected MP","49078551"
"4","Odisha","Dr. Amar Patnaik (2019-24) (2019-2024)","Elected MP","73563957.11"
"5","Gujarat","Dr. Amee Yajnik (2018-24) (2018-2024)","Elected MP","98063957.11"
"6","Tamil Nadu","Dr. Anbumani Ramadoss (2019-25) (2019-2025)","Elected MP","171563957.11"
"7","Uttar Pradesh","Dr. Anil Agrawal (2018-24) (2018-2024)","Elected MP","117990209.41"
"8","Uttar Pradesh","Dr. Anil Jain (2018-24) (2018-2024)","Elected MP","117663957.11"
"9","Uttar Pradesh","Dr. Ashok Bajpai (2018-24) (2018-2024)","Elected MP","98277145.11"
"10","Telangana","Dr. Banda Prakash (2018-21) (2018-2021)","Elected MP","26981979"
"11","Maharashtra","Dr. Bhagwat Karad (2020-26) (2020-2026)","Elected MP","171563957.11"
"12","Andhra Pradesh","Dr. C.M. Ramesh (2018-24) (2018-2024)","Elected MP","137377266.67"
"13","Andhra Pradesh","Dr. C.M. Ramesh (2018-24)EX (2018-2024)","Elected MP","9663217"
"14","Maharashtra","Dr. Fauzia Khan (2020-26) (2020-2026)","Elected MP","171563957.11"
"15","Telangana","Dr. K. Keshava Rao (2020-24) (2020-2024)","Elected MP","115506785.11"
"16","Andhra Pradesh","Dr. K.V.P. Ramachandra Rao (2014-15)(A) (2014-2015)","Elected MP","29365000.28"
"17","Telangana","Dr. K.V.P. Ramachandra Rao (2015-20)(T) (2015-2020)","Elected MP","44134999.72"
"18","Tamil Nadu","Dr. Kanimozhi NVN Somu (2021-26) (2021-2026)","Elected MP","162455766.02"
"19","West Bengal","Dr. Kanwar Deep Singh (2014-20) (2014-2020)","Elected MP","24500000"
"20","Rajasthan","Dr. Kirodi Lal Meena (2018-23) (2018-2023)","Elected MP","73500000"
"21","Karnataka","Dr. L. Hanumanthaiah (2018-24) (2018-2024)","Elected MP","101860153.11"
"22","Madhya Pradesh","Dr. L. Murugan (2021-24) (2021-2024)","Elected MP","98063957.11"
"23","Tamil Nadu","Dr. M. Thambi Durai (2020-26) (2020-2026)","Elected MP","211455766.03"
"24","Rajasthan","Dr. Manmohan Singh (2019-24) (2019-2024)","Elected MP","73563957.11"
"25","Gujarat","Dr. Mansukh Mandaviya (2018-24) (2018-2024)","Elected MP","117663957.11"
"26","Madhya Pradesh","Dr. Najma A. Heptulla (2012-16) (2012-2016)","Elected MP","500000"
"27","Maharashtra","Dr. Narendra Jadhav (2016-22) (2016-2022)","Nominated MP","44100000"
"28","Odisha","Dr. Prashanta Nanda (2018-24) (2018-2024)","Elected MP","73563957.11"
"29","West Bengal","Dr. Santanu Sen (2018-24) (2018-2024)","Elected MP","98063957.11"
"30","Gujarat","Dr. Sonal Mansingh (2018-24) (2018-2024)","Nominated MP","122563957.11"
"31","Maharashtra","Dr. Subramanian Swamy (2016-22) (2016-2022)","Nominated MP","44100000"
"32","Uttar Pradesh","Dr. Sudhanshu Trivedi (2019-24) (2019-2024)","Elected MP","98063957.11"
"33","Madhya Pradesh","Dr. Sumer Singh Solanki (2020-26) (2020-2026)","Elected MP","197558432.37"
"34","Maharashtra","Dr. Vinay P. Sahasrabuddhe (2016-22) (2016-2022)","Elected MP","44100000"
"35","Meghalaya","Dr. Wanweiroy Kharlukhi (2020-26) (2020-2026)","Elected MP","150020358.28"
"36","Haryana","Lt.Gen. (Dr.) D. P. Vats (Retd.) (2018-24) (2018-2024)","Elected MP","98063957.11"
"37","West Bengal","Ms. Dola Sen (2017-23) (2017-2023)","Elected MP","49000000"
"38","Himachal Pradesh","Ms. Indu Bala Goswami (2020-26) (2020-2026)","Elected MP","184157418.11"
"39","Chhattisgarh","Ms. Saroj Pandey (2018-24) (2018-2024)","Elected MP","120170033.00000001"
"40","West Bengal","Ms. Sushmita Dev (2021-23) (2021-2023)","Elected MP","73500000"
"41","West Bengal","Ms. Sushmita Dev (2024-26) (2024-2026)","Elected MP","147000000"
"42","Karnataka","Prof. M.V. Rajeev Gowda (2014-20) (2014-2020)","Elected MP","793007"
"43","Bihar","Prof. Manoj Kumar Jha (2018-24) (2018-2024)","Elected MP","92643845"
"44","Punjab","Sardar Balwinder Singh Bhunder (2016-22) (2016-2022)","Elected MP","1832860"
"45","Punjab","Sardar Sukhdev Singh Dhindsa (2016-22) (2016-2022)","Elected MP","483102"
"46","Bihar","Shri A. D. Singh (2020-26) (2020-2026)","Elected MP","235263957.11"
"47","Tamil Nadu","Shri A. Navaneethakrishnan (2016-22) (2016-2022)","Elected MP","44100000"
"48","West Bengal","Shri Abir Ranjan Biswas (2018-24) (2018-2024)","Elected MP","117663957.11"
"49","Bihar","Shri Ahmad Ashfaque Karim (2018-24) (2018-2024)","Elected MP","117663957.11"
"50","Madhya Pradesh","Shri Ajay Pratap Singh (2018-24) (2018-2024)","Elected MP","102221195.92999999"
"51","Assam","Shri Ajit Kumar Bhuyan (2020-26) (2020-2026)","Elected MP","147000000"
"52","Bihar","Shri Akhilesh Prasad Singh (2018-24) (2018-2024)","Elected MP","98063957.11"
"53","Bihar","Shri Aneel Prasad Hegde (2022-24) (2022-2024)","Elected MP","73563957.11"
"54","Uttarakhand","Shri Anil Baluni (2018-24) (2018-2024)","Elected MP","171255525.11"
"55","Maharashtra","Shri Anil Desai (2018-24) (2018-2024)","Elected MP","142163957.11"
"56","Tamil Nadu","Shri Anthiyur P. Selvarasu (2020-26) (2020-2026)","Elected MP","211455766.03"
"57","Odisha","Shri Ashwini Vaishnaw (2019-24) (2019-2024)","Elected MP","23600000.000000015"
"58","Andhra Pradesh","Shri Ayodhya Rami Reddy Alla (2020-26) (2020-2026)","Elected MP","171722751.11"
"59","Telangana","Shri B. Lingaiah Yadav (2018-24) (2018-2024)","Elected MP","119491558.57"
"60","Bihar","Shri Bashistha Narain Singh (2018-24) (2018-2024)","Elected MP","73563957.11"
"61","Assam","Shri Bhubaneswar Kalita (2020-26) (2020-2026)","Elected MP","155173957.11"
"62","Rajasthan","Shri Bhupender Yadav (2018-24) (2018-2024)","Elected MP","166663957.11"
"63","West Bengal","Shri Bikash Ranjan Bhattacharyya (2020-26) (2020-2026)","Elected MP","171563957.11"
"64","Kerala","Shri Binoy Viswam (2018-24) (2018-2024)","Elected MP","142163957.11"
"65","Assam","Shri Birendra Prasad Baishya (2019-25) (2019-2025)","Elected MP","122563957.11"
"66","Tamil Nadu","Shri C. Ve. Shanmugam (2022-26) (2022-2026)","Elected MP","186955766.02"
"67","Maharashtra","Shri Chh. Udayanraje Bhonsle (2020-24) (2020-2024)","Elected MP","98063957.11"
"68","Karnataka","Shri D. Kupendra Reddy (2014-20) (2014-2020)","Elected MP","7117637.23"
"69","Tamil Nadu","Shri D. Raja (2007-19) (2007-2019)","Elected MP","0.06"
"70","Odisha","Shri Debashish Samantaray (2024-30) (2024-2026)","Elected MP","123199994"
"71","Jharkhand","Shri Deepak Prakash (2020-26) (2020-2026)","Elected MP","228617458.2"
"72","Haryana","Shri Deepender Singh Hooda (2020-24) (2020-2024)","Elected MP","98063957.11"
"73","West Bengal","Shri Derek O' Brien (2017-23) (2017-2023)","Elected MP","142100000"
"74","Telangana","Shri Devender Goud T. (2012-18) (2012-2018)","Elected MP","32078431.53"
"75","Maharashtra","Shri Dhairyashil Mohan Patil (2024-26) (2024-2026)","Elected MP","73500000"
"76","Telangana","Shri Dharmapuri Srinivas (2016-22) (2016-2022)","Elected MP","12862954.54"
"77","Madhya Pradesh","Shri Dharmendra Pradhan (2018-24) (2018-2024)","Elected MP","185004173.89000002"
"78","Jharkhand","Shri Dhiraj Prasad Sahu (2018-24) (2018-2024)","Elected MP","117663957.11"
"79","Madhya Pradesh","Shri Digvijaya Singh (2014-20) (2014-2020)","Elected MP","14527682.17"
"80","Madhya Pradesh","Shri Digvijaya Singh (2020-26) (2020-2026)","Elected MP","180514006.91000003"
"81","Gujarat","Shri Dineshchandra Jemalbhai Anavadiya (2021-23) (2021-2023)","Elected MP","73500000"
"82","Kerala","Shri Elamaram Kareem (2018-24) (2018-2024)","Elected MP","122563957.11"
"83","Karnataka","Shri G.C. Chandrashekhar (2018-24) (2018-2024)","Elected MP","98241264.11"
"84","Tamil Nadu","Shri G.K. Vasan (2020-26) (2020-2026)","Elected MP","212375512.03"
"85","Uttar Pradesh","Shri G.V.L. Narasimha Rao (2018-24) (2018-2024)","Elected MP","143213546.42000002"
"86","Telangana","Shri Garikapati Mohan Rao (2014-20) (2014-2020)","Elected MP","17140462.47"
"87","Madhya Pradesh","Shri George Kurian (2024-26) (2024-2026)","Elected MP","73500000"
"88","Karnataka","Shri H.D. Devegowda (2020-26) (2020-2026)","Elected MP","171563957.11"
"89","Uttar Pradesh","Shri Hardwar Dubey (2020-23) (2020-2023)","Elected MP","264000"
"90","Bihar","Shri Harivansh (2014-20) (2014-2020)","Elected MP","24500000"
"91","Bihar","Shri Harivansh (2020-26) (2020-2026)","Elected MP","353858302"
"92","Uttar Pradesh","Shri Harnath Singh Yadav (2018-24) (2018-2024)","Elected MP","73563957.11"
"93","Rajasthan","Shri Harshvardhan Singh Dungarpur (2016-22) (2016-2022)","Elected MP","44100000"
"94","Sikkim","Shri Hishey Lachungpa (2018-24) (2018-2024)","Elected MP","70393231"
"95","Karnataka","Shri Iranna Kadadi (2020-26) (2020-2026)","Elected MP","179438957.11"
"96","Himachal Pradesh","Shri Jagat Prakash Nadda (2018-24) (2018-2024)","Elected MP","74363957.11"
"97","Uttar Pradesh","Shri Jaiprakash Nishad (2020-22) (2020-2022)","Elected MP","1734846.43"
"98","Andhra Pradesh","Shri Jairam Ramesh (2004-16) (2004-2016)","Elected MP","24500000"
"99","West Bengal","Shri Jawhar Sircar (2021-24) (2021-2024)","Elected MP","147063957.11"
"100","Telangana","Shri Joginipally Santosh Kumar (2018-24) (2018-2024)","Elected MP","163515380.11"
"101","Kerala","Shri Jose K. Mani (2018-21) (2018-2021)","Elected MP",""
"102","Kerala","Shri Jose K. Mani (2021-24) (2021-2024)","Elected MP","147063957.11"
"103","Gujarat","Shri Jugalsinh Lokhandwala (2019-23) (2019-2023)","Elected MP","73500000"
"104","Madhya Pradesh","Shri Jyotiraditya M. Scindia (2020-24) (2020-2024)","Elected MP","98063957.11"
"105","Tamil Nadu","Shri K. R. Arjunan (2013-19) (2013-2019)","Elected MP","24500000"
"106","Karnataka","Shri K. Rahman Khan (2012-18) (2012-2018)","Elected MP","176166"
"107","Kerala","Shri K. Somaprasad (2016-22) (2016-2022)","Elected MP","44100000"
"108","Mizoram","Shri K. Vanlalvena (2020-26) (2020-2026)","Elected MP","171563957.11"
"109","Karnataka","Shri K.C. Ramamurthy (2016-19) (2016-2019)","Elected MP","15152546"
"110","Rajasthan","Shri K.C. Venugopal (2020-24) (2020-2024)","Elected MP","98063957.11"
"111","Kerala","Shri K.K. Ragesh (2015-21) (2015-2021)","Elected MP","24500000"
"112","Telangana","Shri K.R. Suresh Reddy (2020-26) (2020-2026)","Elected MP","196264676.11"
"113","Tamil Nadu","Shri K.R.N. Rajeshkumar (2021-22) (2021-2022)","Elected MP",""
"114","Delhi","Shri K.T.S. Tulsi (2014-20) (2014-2020)","Nominated MP","40098744.94"
"115","Chhattisgarh","Shri K.T.S. Tulsi (2020-26) (2020-2026)","Elected MP","176045865.87"
"116","Madhya Pradesh","Shri Kailash Soni (2018-24) (2018-2024)","Elected MP","77783139.26"
"117","Assam","Shri Kamakhya Prasad Tasa (2019-24) (2019-2024)","Elected MP","98063957.11"
"118","Andhra Pradesh","Shri Kanakamedala Ravindra Kumar (2018-24) (2018-2024)","Elected MP","98063957.11"
"119","Haryana","Shri Krishan Lal Panwar (2022-24) (2022-2024)","Elected MP","98063957.11"
"120","Maharashtra","Shri Kumar Ketkar (2018-24) (2018-2024)","Elected MP","73563957.11"
"121","Madhya Pradesh","Shri La. Ganesan (2016-18) (2016-2018)","Elected MP","140000"
"122","Madhya Pradesh","Shri M. J. Akbar (2016-22) (2016-2022)","Elected MP","6321914.12"
"123","Tamil Nadu","Shri M. Mohamed Abdulla (2021-25) (2021-2025)","Elected MP","165155545.11"
"124","Tamil Nadu","Shri M. Shanmugam (2019-25) (2019-2025)","Elected MP","149674366"
"125","Karnataka","Shri M.V. Rajasekharan (2002-08) (2002-2008)","Elected MP","1167892"
"126","Manipur","Shri Maharaja Sanajaoba Leishemba (2020-26) (2020-2026)","Elected MP","171563957.11"
"127","Uttarakhand","Shri Mahendra Singh Mahra (2012-18) (2012-2018)","Elected MP","44277607.96"
"128","Delhi","Shri Mahesh Jethmalani (2021-24) (2021-2024)","Nominated MP","122563957.11"
"129","Jharkhand","Shri Mahesh Poddar (2016-22) (2016-2022)","Elected MP","24500000"
"130","Karnataka","Shri Mallikarjun Kharge (2020-26) (2020-2026)","Elected MP","196000000"
"131","Andhra Pradesh","Shri Masthan Rao Yadav Beedha (2022-24) (2022-2024)","Elected MP","73767912"
"132","Assam","Shri Mission Ranjan Das (2024-25) (2024-2025)","Elected MP","24500000"
"133","West Bengal","Shri Mohammed Nadimul Haque (2018-24) (2018-2024)","Elected MP","117663957.11"
"134","Gujarat","Shri Mokariya Rambhai (2021-26) (2021-2026)","Elected MP","196063957.11"
"135","Chhattisgarh","Shri Motilal Vora (2014-20) (2014-2020)","Elected MP",""
"136","Odisha","Shri Muzibulla Khan (2020-26) (2020-2026)","Elected MP","171563957.11"
"137","Tamil Nadu","Shri N. Chandrasegharan (2019-25) (2019-2025)","Elected MP","171563957.11"
"138","Puducherry","Shri N. Gokulakrishnan (2015-21) (2015-2021)","Elected MP","4924233"
"139","Tamil Nadu","Shri N.R. Elango (2020-26) (2020-2026)","Elected MP","211455766.02"
"140","Arunachal Pradesh","Shri Nabam Rebia (2020-26) (2020-2026)","Elected MP","147063957.11"
"141","Delhi","Shri Narain Dass Gupta (2018-24) (2018-2024)","Elected MP","98000000"
"142","Gujarat","Shri Naranbhai J. Rathwa (2018-24) (2018-2024)","Elected MP","73563957.11"
"143","Maharashtra","Shri Narayan Rane (2018-24) (2018-2024)","Elected MP","117663957.11"
"144","Karnataka","Shri Narayana Koragappa (2020-26) (2020-2026)","Elected MP","202146407.11"
"145","Gujarat","Shri Narhari Amin (2020-26) (2020-2026)","Elected MP","196063957.11"
"146","Rajasthan","Shri Neeraj Dangi (2020-26) (2020-2026)","Elected MP","171563957.11"
"147","Uttar Pradesh","Shri Neeraj Shekhar (2014-19) (2014-2019)","Elected MP",""
"148","Uttar Pradesh","Shri Neeraj Shekhar (2019-20) (2019-2020)","Elected MP",""
"149","Odisha","Shri Niranjan Bishi (2022-26) (2022-2026)","Elected MP","172778176.82000002"
"150","Karnataka","Shri Oscar Fernandes (1998-21) (1998-2021)","Elected MP","58442479.9"
"151","West Bengal","Shri P. Bhattacharya (2017-23) (2017-2023)","Elected MP","73500000"
"152","Puducherry","Shri P. Kannan (2009-15) (2009-2015)","Elected MP",""
"153","Tamil Nadu","Shri P. Wilson (2019-25) (2019-2025)","Elected MP","171563957.11"
"154","Andhra Pradesh","Shri Parimal Nathwani (2020-26) (2020-2026)","Elected MP","205445595.11"
"155","Gujarat","Shri Parshottam Rupala (2018-24) (2018-2024)","Elected MP","73563957.11"
"156","Punjab","Shri Partap Singh Bajwa (2016-22) (2016-2022)","Elected MP","46509331.15"
"157","Maharashtra","Shri Piyush Goyal (2016-22) (2016-2022)","Elected MP","117600000"
"158","Maharashtra","Shri Piyush Goyal (2022-24) (2022-2024)","Elected MP","49000000"
"159","Andhra Pradesh","Shri Prabhakar Reddy Vemireddy (2018-24) (2018-2024)","Elected MP","98063957.11"
"160","Madhya Pradesh","Shri Prabhat Jha (2014-20) (2014-2020)","Elected MP","8043640"
"161","Maharashtra","Shri Praful Patel (2016-22) (2016-2022)","Elected MP","68600000"
"162","Maharashtra","Shri Praful Patel (2022-24) (2022-2024)","Elected MP","52047637.11"
"163","West Bengal","Shri Prakash Chik Baraik (2023-26) (2023-2026)","Elected MP","121837108"
"164","Madhya Pradesh","Shri Prakash Javadekar (2014-18) (2014-2018)","Elected MP","27133031.87"
"165","Maharashtra","Shri Prakash Javadekar (2018-24) (2018-2024)","Elected MP","142100000"
"166","Bihar","Shri Prem Chand Gupta (2020-26) (2020-2026)","Elected MP","245372866.11"
"167","Uttar Pradesh","Shri Rajaram (2008-20) (2008-2020)","Elected MP","5633284.02"
"168","Karnataka","Shri Rajeev Chandrasekhar (2018-24) (2018-2024)","Elected MP","118546026.67999999"
"169","Rajasthan","Shri Rajendra Gehlot (2020-26) (2020-2026)","Elected MP","150090578.11"
"170","Madhya Pradesh","Shri Rajmani Patel (2018-24) (2018-2024)","Elected MP","73563957.11"
"171","Bihar","Shri Rakesh Sinha (2018-24) (2018-2024)","Nominated MP","122563957.11"
"172","Haryana","Shri Ram Chander Jangra (2020-26) (2020-2026)","Elected MP","196063957.11"
"173","Bihar","Shri Ram Chandra Prasad Singh (2010-16) (2010-2016)","Elected MP","196000000"
"174","Bihar","Shri Ram Nath Thakur (2020-26) (2020-2026)","Elected MP","179009001"
"175","Uttar Pradesh","Shri Ram Shakal (2018-24) (2018-2024)","Nominated MP","75563527.11"
"176","Maharashtra","Shri Ramdas Bandu Athawale (2020-26) (2020-2026)","Elected MP","171563957.11"
"177","Assam","Shri Rameswar Teli (2024-26) (2024-2026)","Elected MP","73500000"
"178","Karnataka","Shri Rangasayee Ramakrishna (2012-18) (2012-2018)","Elected MP","1271204"
"179","Assam","Shri Ranjan Gogoi (2020-26) (2020-2026)","Nominated MP","196063957.11"
"180","Telangana","Shri Ravi Chandra Vaddiraju (2022-24) (2022-2024)","Elected MP","84830299"
"181","Bihar","Shri Ravi Shankar Prasad (2018-19) (2018-2019)","Elected MP","24500000"
"182","Rajasthan","Shri Ravneet Singh (2024-26) (2024-2026)","Elected MP","73500000"
"183","Uttar Pradesh","Shri Rewati Raman Singh (2016-22) (2016-2022)","Elected MP","5972503"
"184","West Bengal","Shri Ritabrata Banerjee (2024-26) (2024-2026)","Elected MP","73500000"
"185","Andhra Pradesh","Shri Ryaga Krishnaiah (2022-24) (2022-2024)","Elected MP","75731241"
"186","Gujarat","Shri S. Jaishankar (2019-23) (2019-2023)","Elected MP","73500000"
"187","Uttar Pradesh","Shri Sakaldeep Rajbhar (2018-24) (2018-2024)","Elected MP","117663957.11"
"188","West Bengal","Shri Saket Gokhale (2023-26) (2023-2026)","Elected MP","122500000"
"189","Maharashtra","Shri Sambhaji Chhatrapati (2016-22) (2016-2022)","Nominated MP","44100000"
"190","Jharkhand","Shri Samir Oraon (2018-24) (2018-2024)","Elected MP","73563957.11"
"191","Andhra Pradesh","Shri Sana Sathish Babu (2024-26) (2024-2026)","Elected MP","73436022"
"192","Maharashtra","Shri Sanjay Raut (2016-22) (2016-2022)","Elected MP","117600000"
"193","Delhi","Shri Sanjay Singh (2018-24) (2018-2024)","Elected MP","116682000.00000001"
"194","Punjab","Shri Sanjeev Arora (2022-25) (2022-2025)","Elected MP","180989354.25"
"195","Assam","Shri Sarbananda Sonowal (2021-24) (2021-2024)","Elected MP","73563957.11"
"196","Uttar Pradesh","Shri Satish Chandra Misra (2016-22) (2016-2022)","Elected MP","504700000"
"197","Madhya Pradesh","Shri Satyavrat Chaturvedi (2012-18) (2012-2018)","Elected MP","9625279.16"
"198","Gujarat","Shri Shaktisinh Gohil (2020-26) (2020-2026)","Elected MP","196063957.11"
"199","Punjab","Shri Shamsher Singh Dullo (2016-22) (2016-2022)","Elected MP","3630858"
"200","Maharashtra","Shri Sharad Pawar (2020-26) (2020-2026)","Elected MP","196414120.11"
"201","Jharkhand","Shri Shibu Soren (2020-25) (2020-2025)","Elected MP","227628508.2"
"202","Uttar Pradesh","Shri Shiv Pratap Shukla (2016-22) (2016-2022)","Elected MP","26570444.26"
"203","Andhra Pradesh","Shri Subhas Chandra Bose Pilli (2020-26) (2020-2026)","Elected MP","196063957.11"
"204","West Bengal","Shri Subhasish Chakraborty (2018-24) (2018-2024)","Elected MP","98063957.11"
"205","West Bengal","Shri Subrata Bakshi (2020-26) (2020-2026)","Elected MP","196063957.11"
"206","Odisha","Shri Sujeet Kumar (2020-24) (2020-2024)","Elected MP","122563957.11"
"207","Odisha","Shri Sujeet Kumar (2024-26) (2024-2026)","Elected MP","73500000"
"208","West Bengal","Shri Sukhendu Sekhar Ray (2017-23) (2017-2023)","Elected MP","93100000"
"209","West Bengal","Shri Sukhendu Sekhar Ray (2023-26) (2023-2026)","Elected MP","98000000"
"210","Kerala","Shri Suresh Gopi (2016-22) (2016-2022)","Nominated MP","24500000"
"211","Andhra Pradesh","Shri Suresh Prabhu (2016-22) (2016-2022)","Elected MP","93431947.17"
"212","Delhi","Shri Sushil Kumar Gupta (2018-24) (2018-2024)","Elected MP","166663957.11"
"213","Bihar","Shri Sushil Kumar Modi (2020-24) (2020-2024)","Elected MP","73563957.11"
"214","Uttar Pradesh","Shri Syed Zafar Islam (2020-22) (2020-2022)","Elected MP","24500000"
"215","Andhra Pradesh","Shri T.G. Venkatesh (2016-22) (2016-2022)","Elected MP","44100000"
"216","Uttarakhand","Shri Tarun Vijay (2010-16) (2010-2016)","Elected MP","54414135.6"
"217","Tamil Nadu","Shri Tiruchi Siva (2020-26) (2020-2026)","Elected MP","186955766.03"
"218","Bihar","Shri Upendra Kushwaha (2024-26) (2024-2026)","Elected MP","112700000"
"219","Telangana","Shri V. Lakshmikantha Rao (2016-22) (2016-2022)","Elected MP","68980756"
"220","Maharashtra","Shri V. Muraleedharan (2018-24) (2018-2024)","Elected MP","142163957.11"
"221","Andhra Pradesh","Shri V. Vijayasai Reddy (2022-25) (2022-2025)","Elected MP","122563957.11"
"222","Tamil Nadu","Shri Vaiko (2019-25) (2019-2025)","Elected MP","191163957.11"
"223","Andhra Pradesh","Shri Venkataramana Rao Mopidevi (2020-24) (2020-2024)","Elected MP","149550829.11"
"224","Uttar Pradesh","Shri Vijay Pal Singh Tomar (2018-24) (2018-2024)","Elected MP","73563957.11"
"225","Maharashtra","Shri Vikas Mahatme (2016-22) (2016-2022)","Elected MP","68600000"
"226","Goa","Shri Vinay Dinu Tendulkar (2017-23) (2017-2023)","Elected MP","135628430"
"227","Uttar Pradesh","Shri Vishambhar Prasad Nishad (2016-22) (2016-2022)","Elected MP","26676222"
"228","Bihar","Shri Vivek Thakur (2020-24) (2020-2024)","Elected MP","75293650.11"
"229","Chhattisgarh","Smt. Chhaya Verma (2016-22) (2016-2022)","Elected MP",""
"230","Uttar Pradesh","Smt. Jaya Amitabh Bachchan (2018-24) (2018-2024)","Elected MP","142163957.11"
"231","Bihar","Smt. Kahkashan Perween (2014-20) (2014-2020)","Elected MP","34347077.65"
"232","Uttar Pradesh","Smt. Kanta Kardam (2018-24) (2018-2024)","Elected MP","73563957.11"
"233","Haryana","Smt. Kiran Choudhry (2024-26) (2024-2026)","Elected MP","73500000"
"234","Odisha","Smt. Mamata Mohanta (2020-24) (2020-2024)","Elected MP","122563957.11"
"235","Odisha","Smt. Mamata Mohanta (2024-26) (2024-2026)","Elected MP","73500000"
"236","West Bengal","Smt. Mausam B Noor (2020-26) (2020-2026)","Elected MP","215663957.11"
"237","Bihar","Smt. Misha Bharti (2016-22) (2016-2022)","Elected MP","24500000"
"238","Bihar","Smt. Misha Bharti (2022-24) (2022-2024)","Elected MP",""
"239","Chhattisgarh","Smt. Phulo Devi Netam (2020-26) (2020-2026)","Elected MP","195401594.87"
"240","Maharashtra","Smt. Priyanka Chaturvedi (2020-26) (2020-2026)","Elected MP","196063957.11"
"241","Maharashtra","Smt. Rajani Ashokrao Patil (2021-26) (2021-2026)","Elected MP","196063957.11"
"242","Gujarat","Smt. Ramilaben Becharbhai Bara (2020-26) (2020-2026)","Elected MP","196063957.11"
"243","Telangana","Smt. Renuka Chowdhury (2012-18) (2012-2018)","Elected MP","3526820"
"244","Delhi","Smt. Roopa Ganguly (2016-22) (2016-2022)","Nominated MP","14809996"
"245","Madhya Pradesh","Smt. Sampatiya Uikey (2017-22) (2017-2022)","Elected MP","2510129"
"246","West Bengal","Smt. Shanta Chhetri (2017-23) (2017-2023)","Elected MP","49000000"
"247","Maharashtra","Smt. Sunetra Ajit Pawar (2024-28) (2024-2026)","Elected MP","98000000"
"248","Maharashtra","Smt. Vandana Chavan (2018-24) (2018-2024)","Elected MP","98063957.11"
"Grand Total"," "," "," ","24,97,73,02,945.45"